METRIC,interlaken_00_f,interlaken_00_g,thun_00_a,zurich_city_05_a,zurich_city_05_b,zurich_city_06_a,zurich_city_07_a,zurich_city_08_a,zurich_city_09_d,zurich_city_10_b,MEAN
_10_RMS_linear,3.072080,2.295490,1.504979,2.524054,2.926284,2.543179,2.326996,2.281418,3.557934,3.633264,2.666568
_10_RMS_log,0.314390,0.313416,0.196577,0.338156,0.352767,0.303751,0.292163,0.298677,0.342711,0.425286,0.317789
_10_SILog,0.021202,0.035470,0.011253,0.039035,0.054470,0.070343,0.032587,0.031942,0.015893,0.048225,0.036042
_10_abs_rel_diff,0.320303,0.233290,0.160432,0.267565,0.294867,0.246708,0.240006,0.234689,0.376435,0.383174,0.275747
_10_mean_depth_error,2.816531,2.042756,1.400517,2.370405,2.577226,2.180861,2.108006,2.061527,3.389836,3.455821,2.440349
_10_mean_prediction_depth,10.042071,7.325470,8.110011,7.750909,7.609015,8.696310,8.084536,7.581901,10.906168,9.716162,8.582255
_10_mean_target_depth,8.852560,8.690634,8.863305,8.907220,8.849844,8.659664,8.896414,8.897105,9.042571,8.891690,8.855101
_10_median_diff,2.599219,1.849449,1.336838,2.143324,2.105253,1.705487,1.906544,1.830620,3.254338,3.309317,2.204039
_10_median_prediction_depth,9.913628,7.239276,8.090265,7.614300,7.315444,8.474704,7.964074,7.425362,10.842063,9.657385,8.453650
_10_median_target_depth,8.913706,8.728673,8.907484,8.962358,8.960744,8.699464,8.967758,8.938818,9.104050,8.944038,8.912709
_10_squ_rel_diff,0.193587,0.115351,0.048462,0.117893,0.169616,0.117502,0.147117,0.114543,0.293228,0.282490,0.159979
_10_threshold_delta_1.25,0.449171,0.534082,0.746316,0.457053,0.388446,0.524210,0.558215,0.528820,0.427282,0.376844,0.499044
_10_threshold_delta_1.25^2,0.792134,0.770814,0.902316,0.766126,0.755951,0.820115,0.828003,0.816170,0.723313,0.671413,0.784635
_10_threshold_delta_1.25^3,0.936833,0.875723,0.966314,0.906285,0.914498,0.909790,0.934402,0.923151,0.894043,0.833382,0.909442
_20_RMS_linear,4.378896,2.498412,2.204233,2.815087,3.136463,3.298413,2.689726,2.539584,4.600214,4.859382,3.302041
_20_RMS_log,0.257983,0.181328,0.132598,0.195476,0.208965,0.218571,0.176395,0.185411,0.253119,0.274954,0.208480
_20_SILog,0.024504,0.034605,0.016696,0.036127,0.043695,0.050519,0.031128,0.035761,0.025905,0.044204,0.034314
_20_abs_rel_diff,0.262268,0.130662,0.097102,0.148218,0.154710,0.174068,0.136423,0.134154,0.255043,0.260124,0.175277
_20_mean_depth_error,3.692652,1.783510,1.386688,2.068743,2.063920,2.333761,1.863073,1.803111,3.691277,3.781859,2.446859
_20_mean_prediction_depth,17.632077,15.015191,15.238461,15.537619,15.239208,15.364594,15.508987,14.641742,18.580987,17.866992,16.062586
_20_mean_target_depth,14.497313,14.605816,14.649349,14.931451,14.638708,14.168867,14.639890,14.392635,15.401633,15.173880,14.709954
_20_median_diff,3.095661,0.941565,0.713601,1.096406,0.887450,1.263222,1.158579,0.746512,3.108550,2.889548,1.590109
_20_median_prediction_depth,17.791101,15.268062,15.336627,15.882550,15.473974,15.143319,15.808414,14.738382,18.611352,17.621906,16.167569
_20_median_target_depth,14.783507,14.867239,14.891529,15.420910,14.986387,14.217692,14.967390,14.607372,15.790883,15.370823,14.990373
_20_squ_rel_diff,0.126322,0.046596,0.026436,0.051573,0.069530,0.075082,0.060497,0.046400,0.152961,0.160961,0.081636
_20_threshold_delta_1.25,0.565485,0.845243,0.929598,0.803466,0.796668,0.759554,0.848033,0.830134,0.634968,0.628504,0.764165
_20_threshold_delta_1.25^2,0.898107,0.959532,0.982409,0.948256,0.941647,0.936116,0.961461,0.956404,0.897441,0.875522,0.935689
_20_threshold_delta_1.25^3,0.983951,0.984034,0.993824,0.985747,0.981205,0.977537,0.986214,0.984553,0.969345,0.956938,0.980335
_30_RMS_linear,5.335066,3.162690,3.401660,3.681354,3.779142,4.627518,3.549626,3.434946,5.642398,6.389759,4.300416
_30_RMS_log,0.238236,0.161294,0.144858,0.183982,0.188251,0.218120,0.164197,0.177235,0.228813,0.256485,0.196147
_30_SILog,0.029813,0.028354,0.020649,0.033241,0.036174,0.049018,0.026860,0.034774,0.028187,0.043737,0.033081
_30_abs_rel_diff,0.233338,0.117951,0.107370,0.141115,0.139050,0.176079,0.124524,0.131677,0.211175,0.232656,0.161493
_30_mean_depth_error,4.345126,2.145888,2.026072,2.569449,2.449973,3.120172,2.257538,2.327550,4.051705,4.483265,2.977674
_30_mean_prediction_depth,23.157746,20.240873,19.674748,20.381416,20.245268,19.910930,20.714638,19.301575,24.383736,23.891728,21.190266
_30_mean_target_depth,19.678676,19.241553,18.569352,19.147251,19.101012,18.045485,19.301624,18.388560,20.783907,20.295245,19.255267
_30_median_diff,3.221191,1.167773,0.865568,1.302200,1.185123,1.430286,1.490804,0.947849,3.139324,2.890333,1.764045
_30_median_prediction_depth,23.135998,20.336231,19.002674,20.178792,20.139933,18.885683,20.790284,18.897715,24.230527,23.196604,20.879444
_30_median_target_depth,19.949260,19.275244,18.247587,19.068312,19.015114,17.603805,19.350333,18.125305,21.133017,20.497915,19.226589
_30_squ_rel_diff,0.098357,0.036705,0.031697,0.045960,0.054054,0.073852,0.048560,0.041981,0.112203,0.134400,0.067777
_30_threshold_delta_1.25,0.616351,0.883622,0.913574,0.823743,0.831565,0.756187,0.869983,0.841394,0.727863,0.684629,0.794891
_30_threshold_delta_1.25^2,0.934887,0.973383,0.978607,0.960103,0.958260,0.937375,0.971053,0.966104,0.926830,0.899386,0.950599
_30_threshold_delta_1.25^3,0.990002,0.991038,0.993795,0.990698,0.987740,0.981399,0.990960,0.989331,0.976861,0.966301,0.985813
_RMS_linear,8.589097,5.710858,5.906378,6.341781,6.253175,7.532764,6.278859,6.076115,8.971965,9.255285,7.091628
_RMS_log,0.229265,0.163008,0.164643,0.189308,0.181761,0.224404,0.163339,0.179263,0.211259,0.226604,0.193285
_SILog,0.055902,0.028755,0.028157,0.039413,0.034460,0.055183,0.028529,0.034553,0.046834,0.054874,0.040666
_abs_rel_diff,0.194160,0.116399,0.114594,0.140794,0.131066,0.167973,0.121061,0.132927,0.171661,0.182130,0.147277
_mean_depth_error,6.419625,3.704511,3.474467,4.158653,4.053004,4.967715,4.138335,4.056137,6.465041,6.728568,4.816606
_mean_prediction_depth,35.469597,32.343581,28.357670,29.833610,32.400395,29.998394,34.884438,30.780356,39.986840,40.002211,33.405709
_mean_target_depth,35.570346,32.394632,28.364337,29.835583,32.419500,29.996082,35.002140,30.786145,40.092912,40.033048,33.449472
_median_diff,1.730830,1.719421,1.695042,1.814976,1.690765,2.198568,1.789857,2.033470,2.272037,3.413693,2.035866
_median_prediction_depth,33.908230,30.101619,25.921124,27.393421,30.068099,27.626090,32.585637,28.275098,39.243859,40.385490,31.550867
_median_target_depth,32.714516,28.672257,24.652460,25.904067,28.636162,25.829700,31.263374,26.477164,38.032554,38.685088,30.086734
_squ_rel_diff,0.066947,0.031108,0.031338,0.041483,0.041529,0.059683,0.036667,0.037426,0.065481,0.074348,0.048601
_threshold_delta_1.25,0.668415,0.873647,0.883161,0.811220,0.839658,0.750313,0.867396,0.830365,0.749443,0.728542,0.800216
_threshold_delta_1.25^2,0.939925,0.976678,0.973110,0.960903,0.966849,0.941065,0.978226,0.973244,0.948944,0.933942,0.959289
_threshold_delta_1.25^3,0.990195,0.993581,0.991967,0.990665,0.991094,0.983051,0.993910,0.992525,0.989167,0.984383,0.990054
